threads,time_seconds
1,45.745819519
2,29.412505012
3,26.202727449
4,19.246574096
5,18.456455368
6,18.139807730
7,17.450568411
8,15.905186050
9,16.179054738
10,15.479127180
11,16.829064234
12,15.978823143
13,16.203697387
14,16.523499411
